satisfaction_cluster,satisfaction_score,experience_score,engagement_score
0,1.8376118136510244,3.2460041699825624,0.42921945731948613
1,261.7621660031287,2.3027029958545,521.2216290104029
