{
  "tcp_top10": [
    82090468.74061199,
    82090468.74061199,
    82090468.74061199,
    82090468.74061199,
    82090468.74061199,
    82090468.74061199,
    82090468.74061199,
    82090468.74061199,
    82090468.74061199,
    82090468.74061199
  ],
  "tcp_bottom10": [
    86.0,
    97.0,
    106.0,
    108.0,
    113.0,
    128.0,
    129.0,
    134.0,
    134.0,
    143.0
  ],
  "tcp_most_frequent10": {
    "21569572.935152996": 85265,
    "20811208.27034193": 650,
    "760988.6648110661": 249,
    "20811244.27034193": 248,
    "82090468.74061199": 180,
    "759696.6648110661": 136,
    "20811232.27034193": 132,
    "759750.6648110661": 132,
    "762318.6648110661": 121,
    "760976.6648110661": 106
  },
  "rtt_top10": [
    395.83435585864237,
    395.83435585864237,
    395.83435585864237,
    395.83435585864237,
    395.83435585864237,
    395.83435585864237,
    395.83435585864237,
    395.83435585864237,
    395.83435585864237,
    395.83435585864237
  ],
  "rtt_bottom10": [
    0.0,
    0.0,
    0.0,
    0.0,
    2.0,
    4.0,
    4.0,
    5.0,
    6.0,
    6.0
  ],
  "rtt_most_frequent10": {
    "127.45858896466059": 27801,
    "29.0": 4993,
    "39.0": 4222,
    "38.0": 2761,
    "40.0": 2647,
    "30.0": 2592,
    "28.0": 2424,
    "49.0": 2219,
    "41.0": 1978,
    "31.0": 1960
  },
  "throughput_top10": [
    83050.0,
    83050.0,
    83050.0,
    83050.0,
    83050.0,
    83050.0,
    83050.0,
    83050.0,
    83050.0,
    83050.0
  ],
  "throughput_bottom10": [
    0.0,
    0.0,
    0.0,
    0.0,
    0.0,
    0.0,
    0.0,
    0.0,
    0.0,
    0.0
  ],
  "throughput_most_frequent10": {
    "63.0": 3886,
    "15.0": 3741,
    "83050.0": 2073,
    "97.0": 1945,
    "90.0": 1885,
    "98.0": 1801,
    "96.0": 1671,
    "99.0": 1571,
    "89.0": 1557,
    "91.0": 1520
  },
  "throughput_by_handset_top15": {
    "Zyxel Communicat. Sbg3600": 83050.0,
    "Lg G6+": 81099.0,
    "Huawei Y9 2019": 79893.0,
    "Spa Condor Elect. Allure M2": 79728.0,
    "New-Bund Technol. Mix 2": 79253.0,
    "Huawei Pele": 78381.0,
    "Spa Condor Elect. Plume L2": 76529.0,
    "Shenzhen Leagoo. Leagoo S8": 76108.0,
    "Huawei B715S-23C": 74601.9,
    "Doke Communicati. Blackview Bv6800 Pro": 73459.0,
    "Oppo Cph1723": 69596.0,
    "A-Link Telecom I. Cubot Power": 69468.0,
    "Huawei Aum-Al00": 67824.0,
    "Ovvi-Cellphone T. Echo": 67274.0,
    "Huawei Y6 Prime 2018": 67151.0
  },
  "throughput_by_handset_bottom15": {
    "Rim Blackberry 8520": 3.5,
    "Rim Blackberry 9790": 3.0,
    "Rim 8520": 3.0,
    "Rim Blackberry 9800": 3.0,
    "Rim Blackberry 9720": 3.0,
    "Rim Blackberry 9360": 3.0,
    "Rim 9780 Rcm72Uw Rcm73Uw (Fdd I Ii V Vi) (Generic)": 3.0,
    "Concox Informati. Gt06": 3.0,
    "Test IMEI": 2.0,
    "Concox Informati. Concox Gt06 Gt06N Tr06": 2.0,
    "Quectel Wireless. Quectel Ec21-E": 2.0,
    "Samsung Gt-S6310N": 2.0,
    "Quectel Wireless. Quectel Ec25-E": 1.0,
    "Wct Uno": 0.0,
    "Lg Lg-T385": 0.0
  },
  "tcp_by_handset_top15": {
    "Huawei Bln-Al10": 79350884.08136772,
    "Samsung Galaxy J8 2018": 79246547.08136772,
    "Huawei E587 E587U-2 Turkcell Vinnwifi E587": 63085402.0,
    "Asustek Asus Zenfone Selfie Zd551Kl": 60980565.870305985,
    "Zyxel Communicat. Sbg3600": 53050444.65924426,
    "Samsung Galaxy Core 2 (Sm-G355X)": 46559007.0,
    "Sierra Wireless Usb305": 43324950.5,
    "Xiaomi Communica. Mi 6": 42451244.54068386,
    "A-Link Telecom I. Cubot Note S": 41411731.0,
    "Huawei Me909S-120": 41262852.79719863,
    "Dynamic Tech Hol. D-Mobile I3 I5 I7 I8 I9": 41149747.650557905,
    "Huawei Y7 Prime 2018": 41079620.87030599,
    "Huawei E5776S-32": 38752120.540102,
    "Lg Lg-H635": 35984881.11538095,
    "Samsung Galaxy J1 Mini (Sm-J105X)": 32220104.170332946
  },
  "experience_cluster_stats": "                   avg_tcp_retrans_total_bytes                           avg_rtt_ms                 avg_throughput_kbps                   \n                                           min          max         mean        min     max    mean                 min      max      mean\nexperience_cluster                                                                                                                        \n0                                         97.0  51948462.00   4829412.26       16.0  257.00   77.75                 1.0  83050.0  31430.72\n1                                        182.0  82090468.74   7341364.31      159.0  395.83  290.99                 0.0  83050.0  10463.94\n2                                    3709153.0  82090468.74  21811621.94        0.0  360.18   74.13                 0.0  83050.0   2442.40",
  "worst_experience_cluster": 1,
  "experience_cluster_centers_normalized": [
    [
      -0.9605751444590133,
      -0.1905843314116274,
      1.0178788408546433
    ],
    [
      -0.7361570169276909,
      2.7879396833605945,
      -0.07118324749621777
    ],
    [
      0.556617710763448,
      -0.2410641339266934,
      -0.4878403484102638
    ]
  ]
}