,Total Social Media (Bytes),Total Google (Bytes),Total Email (Bytes),Total Youtube (Bytes),Total Netflix (Bytes),Total Gaming (Bytes),Total Other (Bytes)
Total Social Media (Bytes),1.0,-0.0017082139338460123,0.00403219981209859,0.0005475075119968199,0.0010126190569201454,0.0010823038887715663,0.0060648541535444755
Total Google (Bytes),-0.0017082139338460123,1.0,-0.00041239781384733523,0.0022767635156185476,-0.001902234783700437,-0.0009943969188400091,-0.0017274777948873396
Total Email (Bytes),0.00403219981209859,-0.00041239781384733523,1.0,-0.002918971213482441,0.001028596489138089,-0.0006442221224910914,-0.001298855393900092
Total Youtube (Bytes),0.0005475075119968199,0.0022767635156185476,-0.002918971213482441,1.0,0.002881609121163955,-0.002998814622843229,0.0029690672233258844
Total Netflix (Bytes),0.0010126190569201454,-0.001902234783700437,0.001028596489138089,0.002881609121163955,1.0,-0.0031087454124693243,-0.009032692350634603
Total Gaming (Bytes),0.0010823038887715663,-0.0009943969188400091,-0.0006442221224910914,-0.002998814622843229,-0.0031087454124693243,1.0,-0.002661338112935215
Total Other (Bytes),0.0060648541535444755,-0.0017274777948873396,-0.001298855393900092,0.0029690672233258844,-0.009032692350634603,-0.002661338112935215,1.0
